,Unnamed: 0,Rank,MovieName,ReleaseYear,EloRating,TimesCompeted
6,548,549,Pixels,2015.0,721,1
0,554,555,Jack and Jill,2011.0,724,0
1,553,554,The Last Airbender,2010.0,725,0
2,552,553,After Earth,2013.0,726,0
3,551,552,Grown Ups 2,2013.0,727,0
4,550,551,Batman & Robin,1997.0,728,0
5,549,550,Human Centipede,2009.0,729,0
7,547,548,Bedtime Stories,2008.0,731,0
8,546,547,Teen Beach 2,2015.0,732,0
9,545,546,Tooth Fairy 2,2012.0,733,0
10,544,545,Bad Hair Day,2015.0,734,0
11,543,544,Spellbound,2024.0,735,0
12,542,543,Grown Ups,2010.0,736,0
13,541,542,Transformers: Age of Extinction,2014.0,737,0
14,540,541,Zack and Miri Make a Porno,2008.0,738,0
15,539,540,Teen Beach Movie,2013.0,739,0
16,538,539,How to Build a Better Boy,2014.0,740,0
17,537,538,Transformers: Dark of the Moon,2011.0,741,0
18,536,537,The Twilight Saga: Breaking Dawn Part 1,2011.0,742,0
19,535,536,Avalon High,2010.0,743,0
20,534,535,Transformers: Revenge of the Fallen,2009.0,744,0
21,533,534,Sharpayâ€™s Fabulous Adventure,2011.0,745,0
22,532,533,The Twilight Saga: Breaking Dawn - Part 2,2012.0,746,0
23,531,532,Teenage Mutant Ninja Turtles,2014.0,747,0
24,530,531,Frenemies,2012.0,748,0
25,529,530,Clueless,1995.0,749,0
26,528,529,Twitches Too,2007.0,750,0
27,527,528,Zapped,2014.0,751,0
28,526,527,Twilight,2008.0,752,0
29,525,526,Pitch Perfect 2,2015.0,753,0
30,524,525,Cloud 9,2014.0,754,0
31,523,524,Transformers,2007.0,755,0
32,522,523,The Dog Who Saved Christmas,2009.0,756,0
33,521,522,"Good Luck Charlie, Itâ€™s Christmas!",2011.0,757,0
34,520,521,Pitch Perfect,2012.0,758,0
35,519,520,Twitches,2005.0,759,0
36,518,519,Ride Along,2014.0,760,0
37,517,518,The Monuments Men,2014.0,761,0
38,516,517,Space Buddies,2009.0,762,0
39,515,516,The DUFF,2015.0,763,0
40,514,515,Volcano,1997.0,764,0
41,513,514,Escape from Planet Earth,2013.0,765,0
42,512,513,The Pirate Fairy,2014.0,766,0
43,511,512,Girl vs. Monster,2012.0,767,0
44,510,511,Monster House,2006.0,768,0
45,509,510,Robocop,2014.0,769,0
46,508,509,Santa Buddies,2009.0,770,0
47,507,508,Leroy and Stitch,2006.0,771,0
48,506,507,Beverly Hills Chihuahua 2,2011.0,772,0
49,505,506,Princess Protection Program,2009.0,773,0
50,504,505,Dr. Dolittle: Tail to the Chief,2008.0,774,0
51,503,504,Legally Blondes,2009.0,775,0
52,502,503,White House Down,2013.0,776,0
53,501,502,"Legally Blonde 2: Red, White & Blonde",2003.0,777,0
54,500,501,Snow Buddies,2008.0,778,0
55,499,500,The Core,2003.0,779,0
56,498,499,Radio Rebel,2012.0,780,0
57,497,498,Spy Kids 3-D: Game Over,2003.0,781,0
58,496,497,Red One,2024.0,782,0
59,495,496,The Waterboy,1998.0,783,0
60,494,495,Superman Returns,2006.0,784,0
61,493,494,Geek Charming,2011.0,785,0
62,492,493,Percy Jackson and the Olympians: Sea of Monsters,2013.0,786,0
63,491,492,Camp Rock,2008.0,787,0
64,490,491,The Boss Baby: Family Business,2021.0,788,0
65,489,490,Parental Guidance,2012.0,789,0
66,488,489,Tinker Bell and the Great Fairy Rescue,2010.0,790,0
67,487,488,Zookeeper,2011.0,791,0
68,486,487,Monte Carlo,2011.0,792,0
69,485,486,The Suite Life Movie,2011.0,793,0
70,484,485,Tinker Bell and the Lost Treasure,2009.0,794,0
71,483,484,Dadnapped,2009.0,795,0
72,482,483,Coyote Ugly,2000.0,796,0
73,481,482,Descendants,2015.0,797,0
74,480,481,This is the End,2013.0,798,0
75,479,480,Lilo & Stitch 2: Stitch Has a Glitch,2005.0,799,0
76,478,479,Shanghai Knights,2003.0,800,0
77,477,478,Legally Blonde,2001.0,801,0
78,476,477,Fantastic Four,2005.0,802,0
79,475,476,Beverly Hills Chihuahua,2008.0,803,0
80,474,475,Mirror Mirror,2012.0,804,0
81,473,474,Alice in Wonderland,2010.0,805,0
82,472,473,Oz the Great and Powerful,2013.0,806,0
83,471,472,Secret of the Wings,2012.0,807,0
84,470,471,Casper Meets Wendy,1998.0,808,0
85,469,470,Hotel for Dogs,2009.0,809,0
86,468,469,Camp Rock 2: The Final Jam,2010.0,810,0
87,467,468,Trolls World Tour,2020.0,811,0
88,466,467,The Boss Baby,2017.0,812,0
89,465,466,Maleficent,2014.0,813,0
90,464,465,The Little Mermaid 2: Return to the Sea,2000.0,814,0
91,463,464,High School Musical 3: Senior Year,2008.0,815,0
92,462,463,Men in Black 2,2002.0,816,0
93,461,462,Home on the Range,2004.0,817,0
94,460,461,High School Musical 2,2007.0,818,0
95,459,460,The Hunger Games: Mockingjay Part 1,2014.0,819,0
96,458,459,Wizards of Waverly Place: The Movie,2009.0,820,0
97,455,456,Looney Tunes: Back in Action,2003.0,820,1
98,457,458,Lady and the Tramp 2: Scampâ€™s Adventure,2001.0,821,0
99,456,457,Minions,2015.0,822,0
100,454,455,Ramona and Beezus,2010.0,824,0
101,453,454,The Lorax,2012.0,825,0
102,452,453,The Ant Bully,2006.0,826,0
103,451,452,The Incredible Hulk,2008.0,827,0
104,450,451,Suicide Squad,2016.0,828,0
105,449,450,Gnomeo and Juliet,2011.0,829,0
106,448,449,The Santa Clause 3,2006.0,830,0
107,447,448,Sing 2,2021.0,831,0
108,446,447,Fireheart,2022.0,832,0
109,445,446,Trolls Band Together,2023.0,833,0
110,444,445,Real Steel,2011.0,834,0
111,443,444,National Treasure: Book of Secrets,2007.0,835,0
112,442,443,World War Z,2013.0,836,0
113,441,442,Divergent,2014.0,837,0
114,440,441,Tooth Fairy,2010.0,838,0
115,439,440,Trolls,2016.0,839,0
116,438,439,High School Musical,2006.0,840,0
117,437,438,Kick-Ass 2,2013.0,841,0
118,436,437,The Santa Clause 2,2002.0,842,0
119,435,436,The Game Plan,2007.0,843,0
120,434,435,Rio 2,2014.0,844,0
121,433,434,Brother Bear,2003.0,845,0
122,432,433,Race to Witch Mountain,2009.0,846,0
123,431,432,Diary of a Wimpy Kid: Dog Days,2012.0,847,0
124,430,431,Sing,2016.0,848,0
125,429,430,The Parent Trap,1998.0,849,0
126,428,429,Let it Shine,2012.0,850,0
127,427,428,Battleship,2012.0,851,0
128,426,427,Indiana Jones and the Kingdom of the Crystal Skull,2008.0,852,0
129,425,426,Ghostbusters,2016.0,853,0
130,424,425,Smart House,1999.0,854,0
131,423,424,Despicable Me 3,2017.0,855,0
132,422,423,Lady and the Tramp,2009.0,856,0
133,421,422,Lemonade Mouth,2011.0,857,0
134,420,421,Diary of a Wimpy Kid: Rodrick Rules,2011.0,858,0
135,419,420,Tinker Bell,2008.0,859,0
136,418,419,The Santa Clause,1994.0,860,0
137,417,418,Now You See Me,2013.0,861,0
138,416,417,Flushed Away,2006.0,862,0
139,415,416,The Hunger Games: Mockingjay Part 2,2015.0,863,0
140,414,415,Rio,2011.0,864,0
141,413,414,Horton Hears a Who!,2008.0,865,0
142,412,413,Chicken Little,2005.0,866,0
143,411,412,Tremors 4: The Legend Begins,2004.0,867,0
144,410,411,Diary of a Wimpy Kid,2010.0,868,0
145,409,410,Enchanted,2007.0,869,0
146,408,409,The Meg,2018.0,870,0
147,407,408,Ice Age: Continental Drift,2012.0,871,0
148,406,407,Zathura: A Space Adventure,2005.0,872,0
149,405,406,Spider-Man 3,2007.0,873,0
150,404,405,Percy Jackson and the Olympians: The Lightning Thief,2010.0,874,0
151,403,404,Hop,2011.0,875,0
152,402,403,G-Force,2009.0,876,0
153,401,402,Open Season 2,2008.0,877,0
154,400,401,Small Soldiers,1998.0,878,0
155,399,400,Weâ€™re the Millers,2013.0,879,0
156,398,399,Ammonium,2020.0,880,0
157,397,398,Star Wars: Episode IX - The Rise of Skywalker,2019.0,881,0
158,396,397,Saw 6,2009.0,882,0
159,395,396,Over the Hedge,2006.0,883,0
160,394,395,Hotel Transylvania,2012.0,884,0
161,393,394,Ice Age: Dawn of the Dinosaurs,2009.0,885,0
162,392,393,Star Wars: Episode I - The Phantom Menace,1999.0,886,0
163,391,392,Bolt,2008.0,887,0
164,390,391,Monsters vs. Aliens,2009.0,888,0
165,389,390,Chicken Run,2000.0,889,0
166,388,389,Ice Age: The Meltdown,2006.0,890,0
167,387,388,Mean Girls,2004.0,891,0
168,386,387,Planet 51,2009.0,892,0
169,385,386,Open Season,2006.0,893,0
170,384,385,Charlie and the Chocolate Factory,2005.0,894,0
171,383,384,Jurassic World: Dominion,2022.0,895,0
172,382,383,Star Wars: Episode II - The Attack of the Clones,2002.0,896,0
174,380,381,Spy Kids 2: Island of Lost Dreams,2002.0,898,0
175,379,380,The Amazing Spider-Man 2,2014.0,899,0
176,378,379,The Fault in Our Stars,2014.0,900,0
177,377,378,Ice Age,2002.0,901,0
178,376,377,Jurassic World: Fallen Kingdom,2018.0,902,0
179,375,376,Ghostbusters: Frozen Empire,2024.0,903,0
180,374,375,Shrek the Third,2007.0,904,0
173,381,382,Hoodwinked!,2005.0,905,1
181,373,374,Jungle Cruise,2020.0,905,0
182,372,373,Dr. Dolittle 2,2001.0,906,0
183,371,372,Casper,1995.0,907,0
184,370,371,The Dictator,2012.0,908,0
185,369,370,The Day After Tomorrow,2004.0,909,0
186,368,369,Space Jam,1996.0,910,0
187,367,368,Rango,2011.0,911,0
188,366,367,"Chronicles of Narnia: The Lion, the Witch, and the Wardrobe",2005.0,912,0
189,365,366,Friday the 13th Part III,1982.0,913,0
190,364,365,Ted,2012.0,914,0
191,363,364,National Treasure,2004.0,915,0
192,362,363,Iron Man 2,2010.0,916,0
193,361,362,Minutemen,2008.0,917,0
194,360,361,The Spongebob Squarepants Movie,2004.0,918,0
195,359,360,The Aristocats,1970.0,919,0
196,358,359,Look Whoâ€™s Back,2015.0,920,0
197,357,358,Pirates of the Caribbean: At Worldâ€™s End,2007.0,921,0
198,356,357,101 Dalmatians,1996.0,922,0
199,355,356,Bee Movie,2007.0,923,0
200,354,355,The Little Rascals,1994.0,924,0
201,353,354,Meet the Robinsons,2007.0,925,0
202,352,353,Cloudy with a Chance of Meatballs,2009.0,926,0
203,351,352,Madagascar 2: Escape to Africa,2008.0,927,0
204,350,351,Shark Tale,2004.0,928,0
205,349,350,Friday the 13th Part 2,1981.0,929,0
206,348,349,Harry Potter and the Chamber of Secrets,2002.0,930,0
207,347,348,Leo,2023.0,931,0
208,346,347,Talladega Nights: The Ballad of Ricky Bobby,2006.0,932,0
209,345,346,Jurassic World,2015.0,933,0
210,344,345,Cars 2,2011.0,934,0
211,343,344,Beauty and the Beast,2017.0,935,0
212,342,343,A Haunting in Venice,2023.0,936,0
213,341,342,Spider-Man,2002.0,937,0
214,340,341,Peter Pan,1953.0,938,0
215,339,340,Sleeping Beauty,1959.0,939,0
216,338,339,Miss Congeniality,2000.0,940,0
217,337,338,Robin Hood,1973.0,941,0
218,336,337,Thor: The Dark World,2013.0,942,0
219,335,336,The Princess and the Frog,2009.0,943,0
220,334,335,Harry Potter and the Deathly Hallows: Part 1,2010.0,944,0
221,333,334,The Tree of Life,2011.0,945,0
222,332,333,Tremors II: Aftershocks,1996.0,946,0
223,331,332,Kung Fu Panda 3,2016.0,947,0
224,330,331,Tarzan,1999.0,948,0
225,329,330,Iron Man 3,2013.0,949,0
226,328,329,The Sword in the Stone,1963.0,950,0
227,327,328,Despicable Me 2,2013.0,951,0
228,326,327,The Book of Life,2014.0,952,0
229,325,326,Cars,2006.0,953,0
230,324,325,Tremors 3: Back to Perfection,2001.0,954,0
231,323,324,The Muppets,2011.0,955,0
232,322,323,Madagascar,2005.0,956,0
233,321,322,The Peanuts Movie,2015.0,957,0
234,320,321,My Girl,1991.0,958,0
235,319,320,Robots,2005.0,959,0
236,318,319,Chronicles of Narnia: Prince Caspian,2008.0,960,0
237,317,318,Snow White and the Seven Dwarfs,1937.0,961,0
238,316,317,Christopher Robin,2018.0,962,0
239,315,316,Star Wars: Episode VIII - The Last Jedi,2017.0,963,0
240,314,315,Spy Kids,2001.0,964,0
241,313,314,The Little Mermaid,1989.0,965,0
242,312,313,Tremors,1990.0,966,0
243,311,312,How to Lose a Guy in 10 Days,2003.0,967,0
244,310,311,The Greatest Showman,2017.0,968,0
245,309,310,War of the Worlds,2005.0,969,0
246,308,309,Iâ€™m Totally Fine,2023.0,970,0
247,307,308,Brave,2012.0,971,0
248,306,307,The Mask,1994.0,972,0
249,305,306,Pacific Rim,2013.0,973,0
250,304,305,Annie,1982.0,974,0
251,303,304,Dr. Dolittle,1998.0,975,0
252,302,303,The Hobbit: The Desolation of Smaug,2013.0,976,0
253,301,302,A Bugâ€™s Life,1998.0,977,0
254,300,301,Madagascar 3: Europeâ€™s Most Wanted,2012.0,978,0
255,299,300,Happy Feet Two,2011.0,979,0
256,298,299,The Hobbit: The Battle of the Five Armies,2014.0,980,0
257,297,298,Spiral,2021.0,981,0
258,296,297,Incredibles 2,2018.0,982,0
259,295,296,Captain America: The First Avenger,2011.0,983,0
260,294,295,Cars 3,2017.0,984,0
261,293,294,Murder on the Orient Express,2017.0,985,0
262,292,293,Evolution,2001.0,986,0
263,291,292,Dirty Dancing,1987.0,987,0
264,290,291,A Nightmare on Elm Street 4: The Dream Master,1988.0,988,0
265,289,290,The 40-Year-Old Virgin,2005.0,989,0
266,288,289,Megamind,2010.0,990,0
267,287,288,Monsters University,2013.0,991,0
268,286,287,Dick Tracy,1990.0,992,0
269,285,286,Idiocracy,2006.0,993,0
270,284,285,The Muppet Christmas Carol,1992.0,994,0
271,283,284,The Secret Life of Walter Mitty,2013.0,995,0
272,282,283,The Mummy,1999.0,996,0
273,281,282,Little Shop of Horrors,1986.0,997,0
274,280,281,Wreck-It Ralph,2012.0,998,0
275,279,280,Tangled,2010.0,999,0
276,278,279,300,2006.0,1000,0
277,277,278,Phineas and Ferb the Movie: Across the 2nd Dimension,2011.0,1001,0
555,0,1,,,1001,0
278,276,277,Final Destination,2000.0,1002,0
279,275,276,Doctor Strange in the Multiverse of Madness,2022.0,1003,0
280,274,275,Men in Black 3,2012.0,1004,0
281,273,274,Luca,2021.0,1005,0
282,272,273,Kick-Ass,2010.0,1006,0
283,271,272,The Amazing Spider-Man,2012.0,1007,0
284,270,271,Ace Ventura: When Nature Calls,1995.0,1008,0
285,269,270,Transcendence,2014.0,1009,0
286,268,269,Harry Potter and the Sorcerer's Stone,2001.0,1010,0
287,267,268,Finding Dory,2016.0,1011,0
288,266,267,"I, Robot",2004.0,1012,0
289,265,266,The Crucible,1996.0,1013,0
290,264,265,21,2008.0,1014,0
291,263,264,Star Trek: Beyond,2016.0,1015,0
292,262,263,The Blind Side,2009.0,1016,0
293,261,262,The Fox and the Hound,1981.0,1017,0
294,260,261,Hocus Pocus 2,2022.0,1018,0
295,259,260,Shrek Forever After,2010.0,1019,0
296,258,259,Ant-Man,2015.0,1020,0
297,257,258,Ace Ventura: Pet Detective,1994.0,1021,0
298,256,257,The Hunger Games,2012.0,1022,0
299,255,256,Man of Steel,2013.0,1023,0
300,254,255,Pirates of the Caribbean: Dead Manâ€™s Chest,2006.0,1024,0
301,253,254,Solo: A Star Wars Story,2018.0,1025,0
302,252,253,Paranorman,2012.0,1026,0
303,251,252,Saw 4,2007.0,1027,0
304,250,251,The Searchers,1956.0,1028,0
305,249,250,Big Fish,2003.0,1029,0
306,248,249,Black Widow,2021.0,1030,0
307,247,248,The Lego Ninjago Movie,2017.0,1031,0
308,246,247,The Right Stuff,1983.0,1032,0
309,245,246,Sonic the Hedgehog,2020.0,1033,0
310,244,245,Venom,2018.0,1034,0
311,243,244,Back to the Future Part 2,1989.0,1035,0
312,242,243,The Great Gatsby,2013.0,1036,0
313,241,242,My Hero Academia: The Movie,2018.0,1037,0
314,240,241,Gremlins,1984.0,1038,0
315,239,240,Fried Green Tomatoes,1991.0,1039,0
316,238,239,Sonic the Hedgehog 2,2022.0,1040,0
317,237,238,Office Space,1999.0,1041,0
318,236,237,The Emperor's New Groove,2000.0,1042,0
319,235,236,Avengers: Age of Ultron,2015.0,1043,0
320,234,235,Frozen 2,2019.0,1044,0
321,233,234,Thor,2011.0,1045,0
322,232,233,Star Trek: Into Darkness,2013.0,1046,0
323,231,232,Watchmen,2009.0,1047,0
324,230,231,Sonic the Hedgehog 3,2024.0,1048,0
325,229,230,Gifted,2017.0,1049,0
326,228,229,Mr. Peabody and Sherman,2014.0,1050,0
327,227,228,Harry Potter and the Half-Blood Prince,2009.0,1051,0
328,226,227,Lady and the Tramp,1955.0,1052,0
329,225,226,Borat: Cultural Learnings of America for Make Benefit Glorious Nation of Kazakhstan,2006.0,1053,0
330,224,225,Atlantis: The Lost Empire,2001.0,1054,0
331,223,224,Harry Potter and the Prisoner of Azkaban,2004.0,1055,0
332,222,223,Monsterâ€™s Inc,2001.0,1056,0
333,221,222,Indiana Jones and the Temple of Doom,1984.0,1057,0
334,220,221,Back to the Future Part III,1990.0,1058,0
335,219,220,Rocky,1976.0,1059,0
336,218,219,The Founder,2016.0,1060,0
337,217,218,The Hitchhikerâ€™s Guide to the Galaxy,2005.0,1061,0
338,216,217,Doctor Strange,2016.0,1062,0
339,215,216,Caddyshack,1980.0,1063,0
340,214,215,Dumb and Dumber,1994.0,1064,0
341,213,214,Star Trek,2009.0,1065,0
342,212,213,X-Men: First Class,2011.0,1066,0
343,211,212,X-Men: Days of Future Past,2014.0,1067,0
344,210,211,Despicable Me,2010.0,1068,0
345,209,210,The Hunger Games: Catching Fire,2013.0,1069,0
346,208,209,Amazing Grace,2006.0,1070,0
347,207,208,The Hobbit: An Unexpected Journey,2012.0,1071,0
348,206,207,Napoleon Dynamite,2004.0,1072,0
349,205,206,Top Gun,1986.0,1073,0
350,204,205,Frozen,2013.0,1074,0
351,203,204,Juno,2007.0,1075,0
352,202,203,Chicago,2002.0,1076,0
353,201,202,Mollyâ€™s Game,2017.0,1077,0
354,200,201,Shaun of the Dead,2004.0,1078,0
355,199,200,The Outsiders,1983.0,1079,0
356,198,199,Revenge of the Nerds,1984.0,1080,0
357,197,198,Casino Royale,2006.0,1081,0
358,196,197,Kung Fu Hustle,2004.0,1082,0
359,195,196,Avatar: The Way of Water,2022.0,1083,0
360,194,195,The Devil Wears Prada,2006.0,1084,0
361,193,194,John Wick,2014.0,1085,0
362,192,193,Anchorman: The Legend of Ron Burgundy,2004.0,1086,0
363,191,192,Beauty and the Beast,1991.0,1087,0
364,190,191,How to Train Your Dragon 2,2014.0,1088,0
365,189,190,Stand and Deliver,1988.0,1089,0
366,188,189,Batman,1989.0,1090,0
367,187,188,The Wizard of Oz,1939.0,1091,0
368,186,187,Onward,2020.0,1092,0
369,185,186,Friday the 13th,1980.0,1093,0
370,184,185,Bohemian Rhapsody,2018.0,1094,0
371,183,184,Kung Fu Panda,2008.0,1095,0
372,182,183,District 9,2009.0,1096,0
373,181,182,The Breakfast Club,1985.0,1097,0
374,180,181,Big Hero 6,2014.0,1098,0
375,179,180,"Oâ€™Brother, Where Art Thou",2000.0,1099,0
376,178,179,Men in Black,1997.0,1100,0
377,177,178,The Super Mario Bros. Movie,2023.0,1101,0
378,176,177,Guardians of the Galaxy: Volume 2,2017.0,1102,0
379,175,176,Finding Nemo,2003.0,1103,0
380,174,175,Rudy,1993.0,1104,0
381,173,174,Spider-Man: Far From Home,2019.0,1105,0
382,172,173,Elemental,2023.0,1106,0
383,171,172,Hocus Pocus,1993.0,1107,0
384,170,171,Isle of Dogs,2018.0,1108,0
385,169,170,Her,2013.0,1109,0
386,168,169,Sixteen Candles,2016.0,1110,0
387,167,168,Kung Fu Panda 2,2011.0,1111,0
388,166,167,Steve Jobs,2015.0,1112,0
389,165,166,Aladdin,1992.0,1113,0
390,164,165,Ghostbusters,1984.0,1114,0
391,163,164,Willy Wonka & the Chocolate Factory,1971.0,1115,0
392,162,163,Happy Feet,2006.0,1116,0
393,161,162,Ferris Buellerâ€™s Day Off,1986.0,1117,0
394,160,161,Thor: Ragnarok,2017.0,1118,0
395,159,160,Up,2009.0,1119,0
396,158,159,Avatar,2009.0,1120,0
397,157,158,Nimona,2023.0,1121,0
398,156,157,Batman Begins,2005.0,1122,0
399,155,156,The Kingâ€™s Speech,2010.0,1123,0
400,154,155,Lilo & Stitch,2002.0,1124,0
401,153,154,Harry Potter and the Order of the Phoenix,2007.0,1125,0
402,152,153,Black Panther,2018.0,1126,0
403,151,152,Harry Potter and the Goblet of Fire,2005.0,1127,0
404,150,151,King Richard,2021.0,1128,0
405,149,150,Limitless,2011.0,1129,0
406,148,149,Chef,2014.0,1130,0
407,147,148,Glass Onion: A Knives Out Mystery,2022.0,1131,0
408,146,147,Superbad,2007.0,1132,0
409,145,146,Moana,2016.0,1133,0
410,144,145,Spider-Man 2,2004.0,1134,0
411,143,144,E.T. the Extra-Terrestrial,1982.0,1135,0
412,142,143,Fantastic Mr. Fox,2009.0,1136,0
413,141,142,Kingsman: The Golden Circle,2017.0,1137,0
414,140,141,Encanto,2021.0,1138,0
415,139,140,The Lego Movie,2014.0,1139,0
416,138,139,Bridge of Spies,2015.0,1140,0
417,137,138,Shrek,2001.0,1141,0
418,136,137,Top Gun: Maverick,2022.0,1142,0
419,135,136,Mulan,1998.0,1143,0
420,134,135,South Park: Bigger Longer and Uncut,1999.0,1144,0
421,133,134,American Sniper,2014.0,1145,0
422,132,133,Wonder Woman,2017.0,1146,0
423,131,132,Slumdog Millionaire,2008.0,1147,0
424,130,131,Saw 2,2005.0,1148,0
425,129,130,Airplane!,1980.0,1149,0
426,128,129,Deadpool 2,2018.0,1150,0
427,127,128,The Lego Batman Movie,2017.0,1151,0
428,126,127,Free Guy,2021.0,1152,0
429,125,126,WarGames,1983.0,1153,0
430,124,125,Argo,2012.0,1154,0
431,123,124,Spider-Man: Homecoming,2017.0,1155,0
432,122,123,Banshees of Inisherin,2022.0,1156,0
433,121,122,Spider-Man: No Way Home,2021.0,1157,0
434,120,121,The Revenant,2015.0,1158,0
435,119,120,Star Wars: Episode III - The Revenge of the Sith,2005.0,1159,0
436,118,119,The Batman,2022.0,1160,0
437,117,118,Pirates of the Caribbean: The Curse of the Black Pearl,2003.0,1161,0
438,116,117,Indiana Jones and the Last Crusade,1989.0,1162,0
439,115,116,The Truman Show,1998.0,1163,0
440,114,115,Deadpool,2016.0,1164,0
441,113,114,Little Women,2019.0,1165,0
442,112,113,Zootopia,2016.0,1166,0
443,111,112,Iron Man,2008.0,1167,0
444,110,111,Inside Out,2015.0,1168,0
445,109,110,Captain America: The Winter Soldier,2014.0,1169,0
446,108,109,The Imitation Game,2014.0,1170,0
447,107,108,Monty Pythonâ€™s Life of Brian,1979.0,1171,0
448,106,107,Toy Story 3,2010.0,1172,0
449,105,106,Toy Story,1995.0,1173,0
450,104,105,Harry Potter and the Deathly Hallows Part 2,2011.0,1174,0
451,103,104,The Avengers,2012.0,1175,0
452,102,103,The Lion King,1994.0,1176,0
453,101,102,Star Wars: Episode VII - The Force Awakens,2015.0,1177,0
454,100,101,Kingsman: The Secret Service,2014.0,1178,0
455,99,100,Guardians of the Galaxy,2014.0,1179,0
456,98,99,Spotlight,2015.0,1180,0
457,97,98,Captain America: Civil War,2016.0,1181,0
458,96,97,My Neighbor Totoro,1988.0,1182,0
459,95,96,Hidden Figures,2016.0,1183,0
460,94,95,Midsommar,2019.0,1184,0
461,93,94,Jurassic Park,1993.0,1185,0
462,92,93,Kill Bill Vol. 2,2004.0,1186,0
463,91,92,Toy Story 2,1999.0,1187,0
464,90,91,Wicked,2024.0,1188,0
465,89,90,Avengers: Endgame,2019.0,1189,0
466,88,89,A Quiet Place,2018.0,1190,0
467,87,88,Jaws,1975.0,1191,0
468,86,87,How to Train Your Dragon,2010.0,1192,0
469,85,86,Saw,2004.0,1193,0
470,84,85,Inside Out 2,2024.0,1194,0
471,83,84,Star Wars: Episode VI - The Return of the Jedi,1983.0,1195,0
472,82,83,To Kill A Mockingbird,1962.0,1196,0
473,81,82,No Country For Old Men,2007.0,1197,0
474,80,81,The Princess Bride,1987.0,1198,0
475,79,80,Shrek 2,2004.0,1199,0
476,78,79,Avengers: Infinity War,2018.0,1200,0
477,77,78,The Sixth Sense,1999.0,1201,0
478,76,77,Letters From Iwo Jima,2006.0,1202,0
479,75,76,Poor Things,2023.0,1203,0
480,74,75,Princess Mononoke,1997.0,1204,0
481,73,74,The Great Dictator,1940.0,1205,0
482,72,73,The Grand Budapest Hotel,2014.0,1206,0
483,71,72,The Incredibles,2004.0,1207,0
484,70,71,Whiplash,2014.0,1208,0
485,69,70,The Menu,2022.0,1209,0
486,68,69,The Iron Giant,1999.0,1210,0
487,67,68,1917,2019.0,1211,0
488,66,67,Alien,1979.0,1212,0
489,65,66,The Terminator,1984.0,1213,0
490,64,65,Kill Bill Vol. 1,2003.0,1214,0
491,63,64,The Disaster Artist,2017.0,1215,0
492,62,63,Akira,1988.0,1216,0
493,61,62,Mad Max: Fury Road,2015.0,1217,0
494,60,61,Dunkirk,2017.0,1218,0
495,59,60,2001: A Space Odyssey,1968.0,1219,0
496,58,59,Coco,2017.0,1220,0
497,57,58,Battle Royale,2000.0,1221,0
498,56,57,The Wind Rises,2013.0,1222,0
499,55,56,Barbie,2023.0,1223,0
500,54,55,Puss in Boots: The Last Wish,2022.0,1224,0
501,53,54,All Quiet on the Western Front,2022.0,1225,0
502,52,53,Eternal Sunshine of the Spotless Mind,2004.0,1226,0
503,51,52,Arrival,2016.0,1227,0
504,50,51,Dead Poetsâ€™ Society,1989.0,1228,0
505,49,50,Spirited Away,2001.0,1229,0
506,48,49,Inglourious Basterds,2009.0,1230,0
507,47,48,Full Metal Jacket,1987.0,1231,0
508,46,47,The Dark Knight Rises,2012.0,1232,0
509,45,46,Moonlight,2016.0,1233,0
510,44,45,Million Dollar Baby,2004.0,1234,0
511,43,44,American Psycho,2000.0,1235,0
512,42,43,Monty Python and the Holy Grail,1975.0,1236,0
513,41,42,City of God,2002.0,1237,0
514,40,41,Whisper of the Heart,1995.0,1238,0
515,39,40,Oppenheimer,2023.0,1239,0
516,38,39,Ratatouille,2007.0,1240,0
517,37,38,Lady Bird,2017.0,1241,0
518,36,37,Se7en,1995.0,1242,0
519,35,36,La La Land,2016.0,1243,0
520,34,35,WALL-E,2008.0,1244,0
521,33,34,Spiderman: Into the Spiderverse,2018.0,1245,0
522,31,32,Raiders of the Lost Ark,1981.0,1247,0
523,32,33,The Prestige,2006.0,1248,1
524,30,31,Goodfellas,1990.0,1248,0
525,29,30,The Holdovers,2023.0,1249,0
526,28,29,Terminator 2: Judgement Day,1991.0,1250,0
527,27,28,The Big Short,2015.0,1251,0
528,26,27,Forrest Gump,1994.0,1252,0
529,25,26,Citizen Kane,1941.0,1253,0
530,24,25,Saving Private Ryan,1998.0,1254,0
531,23,24,Everything Everywhere All At Once,2022.0,1255,0
532,22,23,Your Name,2016.0,1256,0
533,21,22,Joker,2019.0,1257,0
534,20,21,The Martian,2015.0,1258,0
535,19,20,Scott Pilgrim vs. The World,2010.0,1259,0
536,18,19,Inception,2010.0,1260,0
537,17,18,The Silence of the Lambs,1991.0,1261,0
538,16,17,Fight Club,1999.0,1262,0
539,15,16,Good Will Hunting,1997.0,1263,0
540,14,15,Dr. Strangelove or: How I Learned to Stop Worrying and Love the Bomb,1964.0,1264,0
541,13,14,The Lord of the Rings: The Two Towers,2002.0,1265,0
542,12,13,The Lord of the Rings: The Fellowship of the Ring,2001.0,1266,0
543,11,12,Back to the Future,1985.0,1267,0
544,10,11,The Lord of the Rings: The Return of the King,2003.0,1268,0
545,9,10,Star Wars: Episode IV - A New Hope,1977.0,1269,0
546,8,9,The Godfather Part 2,1974.0,1270,0
547,7,8,Schindlerâ€™s List,1993.0,1271,0
548,6,7,The Godfather,1972.0,1272,0
549,5,6,Interstellar,2014.0,1273,0
550,4,5,Pulp Fiction,1994.0,1274,0
551,3,4,The Shawshank Redemption,1994.0,1275,0
552,2,3,Star Wars: Episode V - The Empire Strikes Back,1980.0,1276,0
553,1,2,The Social Network,2010.0,1277,0
554,0,1,The Dark Knight,2008.0,1278,0
